Tempo(s), Risco do Sensor, Nível da Bateria, Diff(s),Mode
3.28082,alto,95.16,0.25879,(Best of Five)
3.56884,moderado,94.73,0.28802,(Best of Five)
3.61735,baixo,94.65,0.0485103,(Best of Five)
3.76544,alto,94.43,0.14809,(Best of Five)
4.53331,moderado,93.3,0.767867,(Best of Five)
4.5809,baixo,93.22,0.0475867,(Best of Five)
7.85292,moderado,88.45,3.27203,(Best of Five)
8.0007,baixo,88.23,0.147775,(Best of Five)
11.2174,alto,83.53,3.21668,(Best of Five)
11.7934,moderado,82.68,0.576046,(Best of Five)
11.8897,baixo,82.53,0.0962897,(Best of Five)
12.5654,alto,81.54,0.675683,(Best of Five)
12.7135,moderado,81.32,0.148073,(Best of Five)
12.7609,baixo,81.24,0.0474607,(Best of Five)
13.3414,alto,80.39,0.58042,(Best of Five)
13.5334,moderado,80.1,0.192045,(Best of Five)
13.6811,baixo,79.88,0.147678,(Best of Five)
15.4134,moderado,77.35,1.73236,(Best of Five)
15.4611,baixo,77.27,0.0476699,(Best of Five)
17.1529,moderado,74.81,1.69183,(Best of Five)
17.2007,baixo,74.73,0.047798,(Best of Five)
18.6493,alto,72.62,1.44858,(Best of Five)
18.697,moderado,72.54,0.0476542,(Best of Five)
18.7458,baixo,72.46,0.0488106,(Best of Five)
20.6211,moderado,69.72,1.8753,(Best of Five)
20.7185,baixo,69.57,0.0974065,(Best of Five)
25.9039,alto,62.42,5.18544,(Best of Five)
25.959,moderado,62.34,0.0551025,(Best of Five)
26.0733,alto,62.19,0.114305,(Best of Five)
26.9116,moderado,61.13,0.83831,(Best of Five)
27.0251,baixo,60.98,0.113446,(Best of Five)
28.3636,moderado,59.29,1.3385,(Best of Five)
28.5879,alto,59,0.22431,(Best of Five)
28.924,moderado,58.57,0.336152,(Best of Five)
29.0924,baixo,58.35,0.168365,(Best of Five)
34.6897,alto,53.3,5.59724,(Best of Five)
35.0735,moderado,52.73,0.383855,(Best of Five)
35.3168,baixo,52.37,0.243316,(Best of Five)
35.5568,moderado,52.01,0.24001,(Best of Five)
35.7536,baixo,51.72,0.196717,(Best of Five)
39.3688,moderado,46.46,3.61521,(Best of Five)
39.4165,baixo,46.38,0.0477268,(Best of Five)
40.6293,moderado,44.62,1.21282,(Best of Five)
40.6772,baixo,44.54,0.0478991,(Best of Five)
42.0732,alto,42.5,1.39603,(Best of Five)
42.4567,moderado,41.93,0.383492,(Best of Five)
42.7934,baixo,41.43,0.336644,(Best of Five)
43.6133,alto,40.23,0.81994,(Best of Five)
44.381,moderado,39.1,0.767652,(Best of Five)
44.5733,baixo,38.81,0.192285,(Best of Five)
44.6213,moderado,38.73,0.0480747,(Best of Five)
44.6704,baixo,38.65,0.0490908,(Best of Five)
44.9133,alto,38.29,0.24292,(Best of Five)
45.2016,moderado,37.86,0.288216,(Best of Five)
45.2495,baixo,37.78,0.0478983,(Best of Five)
46.8421,moderado,35.53,1.59261,(Best of Five)
46.8901,baixo,35.45,0.0480567,(Best of Five)
48.4453,alto,33.2,1.55519,(Best of Five)
48.8334,moderado,32.63,0.388117,(Best of Five)
48.9307,baixo,32.48,0.0972404,(Best of Five)
51.6731,alto,28.48,2.74241,(Best of Five)
52.9255,moderado,26.65,1.25243,(Best of Five)
53.217,baixo,26.22,0.291479,(Best of Five)
55.4284,moderado,22.99,2.21139,(Best of Five)
55.477,baixo,22.91,0.0486109,(Best of Five)
58.7534,moderado,18.14,3.27642,(Best of Five)
58.8496,baixo,17.99,0.0962008,(Best of Five)
59.4801,alto,17.07,0.630505,(Best of Five)
59.8173,moderado,16.57,0.337179,(Best of Five)
59.9655,baixo,16.35,0.14826,(Best of Five)
66.6009,alto,6.68,6.63537,(Best of Five)
67.0811,moderado,5.97,0.480226,(Best of Five)
67.1786,alto,5.82,0.0974574,(Best of Five)
67.6174,moderado,5.18,0.438814,(Best of Five)
67.7146,baixo,5.03,0.0972193,(Best of Five)
71.3654,moderado,-0.3,3.65077,(Best of Five)
71.4623,baixo,-0.45,0.0969246,(Best of Five)
72.6175,moderado,-2.14,1.15513,(Best of Five)
72.6647,alto,-2.22,0.0472408,(Best of Five)
73.3854,moderado,-3.28,0.720685,(Best of Five)
73.4328,baixo,-3.36,0.0474003,(Best of Five)
74.1614,moderado,-4.42,0.728662,(Best of Five)
74.2092,baixo,-4.5,0.0477812,(Best of Five)
74.7446,alto,-5.28,0.535423,(Best of Five)
74.9375,moderado,-5.57,0.192891,(Best of Five)
75.0347,baixo,-5.72,0.0972004,(Best of Five)
75.4255,moderado,-6.29,0.390722,(Best of Five)
75.5226,baixo,-6.44,0.0971407,(Best of Five)
76.0571,moderado,-7.22,0.534491,(Best of Five)
76.1051,baixo,-7.3,0.0479645,(Best of Five)
77.4571,alto,-9.27,1.35205,(Best of Five)
77.6054,moderado,-9.49,0.148283,(Best of Five)
77.8014,baixo,-9.78,0.19599,(Best of Five)
79.0056,moderado,-11.54,1.20418,(Best of Five)
79.2491,baixo,-11.9,0.243504,(Best of Five)
79.633,alto,-12.47,0.38398,(Best of Five)
80.1132,moderado,-13.18,0.48016,(Best of Five)
80.2103,baixo,-13.33,0.0970981,(Best of Five)
80.9815,alto,-14.46,0.771208,(Best of Five)
81.1735,moderado,-14.75,0.191953,(Best of Five)
81.2215,baixo,-14.83,0.0479933,(Best of Five)
81.5608,moderado,-15.33,0.339324,(Best of Five)
81.7094,baixo,-15.55,0.148595,(Best of Five)
81.7571,moderado,-15.63,0.0477628,(Best of Five)
81.8056,baixo,-15.71,0.048414,(Best of Five)
82.1935,alto,-16.28,0.387902,(Best of Five)
82.4375,moderado,-16.64,0.244076,(Best of Five)
82.6775,baixo,-17,0.239982,(Best of Five)
84.4089,alto,-19.53,1.73135,(Best of Five)
85.3249,moderado,-20.87,0.916041,(Best of Five)
85.4735,baixo,-21.09,0.14857,(Best of Five)
92.6371,alto,-31.53,7.16364,(Best of Five)
92.8292,moderado,-31.82,0.192105,(Best of Five)
92.8768,baixo,-31.9,0.0475538,(Best of Five)
93.0253,moderado,-32.12,0.148563,(Best of Five)
93.1224,baixo,-32.27,0.09702,(Best of Five)
95.3853,moderado,-35.57,2.26291,(Best of Five)
95.5775,baixo,-35.86,0.192221,(Best of Five)
96.2961,moderado,-36.92,0.718604,(Best of Five)
96.3447,baixo,-37,0.0486118,(Best of Five)
97.0255,moderado,-37.99,0.680735,(Best of Five)
97.1226,baixo,-38.14,0.0971365,(Best of Five)
102.177,alto,-45.5,5.05421,(Best of Five)
102.274,moderado,-45.65,0.0975087,(Best of Five)
102.417,baixo,-45.87,0.143144,(Best of Five)
105.493,alto,-50.36,3.07552,(Best of Five)
105.877,moderado,-50.93,0.384486,(Best of Five)
105.925,baixo,-51.01,0.0471636,(Best of Five)
106.746,alto,-52.21,0.821011,(Best of Five)
106.942,moderado,-52.5,0.196029,(Best of Five)
106.989,baixo,-52.58,0.0475602,(Best of Five)
108.049,alto,-54.13,1.06008,(Best of Five)
108.437,moderado,-54.7,0.387915,(Best of Five)
108.535,baixo,-54.85,0.0972891,(Best of Five)
108.974,alto,-55.49,0.439094,(Best of Five)
109.505,moderado,-56.27,0.531365,(Best of Five)
109.649,baixo,-56.49,0.14449,(Best of Five)
115.989,alto,-65.74,6.33994,(Best of Five)
116.713,moderado,-66.8,0.723546,(Best of Five)
116.761,baixo,-66.88,0.0479111,(Best of Five)
118.397,alto,-69.27,1.63658,(Best of Five)
119.069,moderado,-70.26,0.672021,(Best of Five)
119.117,baixo,-70.34,0.0480144,(Best of Five)
122.053,moderado,-74.62,2.93586,(Best of Five)
122.201,baixo,-74.84,0.147533,(Best of Five)
124.757,alto,-78.56,2.55658,(Best of Five)
124.953,moderado,-78.85,0.195288,(Best of Five)
125.051,baixo,-79,0.0979938,(Best of Five)
131.057,moderado,-87.76,6.00618,(Best of Five)
131.154,baixo,-87.91,0.0968034,(Best of Five)
132.017,alto,-89.18,0.863513,(Best of Five)
132.453,moderado,-89.82,0.436191,(Best of Five)
132.601,baixo,-90.04,0.14783,(Best of Five)
133.081,alto,-90.75,0.48018,(Best of Five)
133.469,moderado,-91.32,0.387802,(Best of Five)
133.517,baixo,-91.4,0.0475306,(Best of Five)
134.577,moderado,-92.95,1.06066,(Best of Five)
134.624,baixo,-93.03,0.0468359,(Best of Five)
137.613,moderado,-97.38,2.98838,(Best of Five)
137.661,baixo,-97.46,0.0481741,(Best of Five)
139.105,alto,-99.57,1.44463,(Best of Five)
139.441,moderado,-100.07,0.335558,(Best of Five)
139.489,baixo,-100.15,0.0482144,(Best of Five)
140.55,moderado,-101.7,1.0603,(Best of Five)
140.647,alto,-101.85,0.0971309,(Best of Five)
140.747,moderado,-102,0.100085,(Best of Five)
140.846,baixo,-102.15,0.0988565,(Best of Five)
144.829,alto,-107.97,3.98352,(Best of Five)
145.361,moderado,-108.75,0.531916,(Best of Five)
145.458,baixo,-108.9,0.0970165,(Best of Five)
145.605,moderado,-109.12,0.147161,(Best of Five)
145.845,baixo,-109.48,0.240175,(Best of Five)
146.329,moderado,-110.19,0.483991,(Best of Five)
146.377,baixo,-110.27,0.0472719,(Best of Five)
147.485,alto,-111.89,1.10881,(Best of Five)
147.681,moderado,-112.18,0.196019,(Best of Five)
147.729,baixo,-112.26,0.0473178,(Best of Five)
148.165,alto,-112.9,0.43659,(Best of Five)
148.263,moderado,-113.05,0.0971738,(Best of Five)
148.363,baixo,-113.2,0.100071,(Best of Five)
156.001,moderado,-124.34,7.63874,(Best of Five)
156.049,baixo,-124.42,0.0478111,(Best of Five)
160.422,moderado,-130.8,4.37234,(Best of Five)
160.469,baixo,-130.88,0.0477265,(Best of Five)
160.905,moderado,-131.52,0.436064,(Best of Five)
161.002,baixo,-131.67,0.0969148,(Best of Five)
166.905,alto,-140.29,5.90316,(Best of Five)
167.053,moderado,-140.51,0.148087,(Best of Five)
167.15,alto,-140.66,0.0961545,(Best of Five)
167.197,moderado,-140.74,0.0472534,(Best of Five)
167.437,alto,-141.1,0.24038,(Best of Five)
167.773,moderado,-141.6,0.336182,(Best of Five)
167.871,baixo,-141.75,0.0974603,(Best of Five)
169.653,alto,-144.35,1.78245,(Best of Five)
170.325,moderado,-145.34,0.671833,(Best of Five)
170.373,baixo,-145.42,0.0482117,(Best of Five)
171.293,alto,-146.76,0.919833,(Best of Five)
171.437,moderado,-146.98,0.144195,(Best of Five)
171.633,baixo,-147.27,0.195807,(Best of Five)
175.285,alto,-152.6,3.65225,(Best of Five)
176.393,moderado,-154.22,1.10763,(Best of Five)
176.537,baixo,-154.44,0.144233,(Best of Five)
176.585,alto,-154.52,0.0475281,(Best of Five)
176.682,moderado,-154.67,0.0976136,(Best of Five)
176.781,alto,-154.82,0.098549,(Best of Five)
177.693,moderado,-156.16,0.912452,(Best of Five)
177.841,baixo,-156.38,0.147309,(Best of Five)
179.953,moderado,-159.47,2.11234,(Best of Five)
180.193,alto,-159.83,0.24026,(Best of Five)
180.341,moderado,-160.05,0.14803,(Best of Five)
180.533,alto,-160.34,0.191591,(Best of Five)
181.305,moderado,-161.47,0.772173,(Best of Five)
181.353,baixo,-161.55,0.0480181,(Best of Five)
181.985,alto,-162.47,0.632092,(Best of Five)
182.373,moderado,-163.04,0.387576,(Best of Five)
182.47,baixo,-163.19,0.0972325,(Best of Five)
183.337,alto,-164.46,0.867402,(Best of Five)
183.721,moderado,-165.03,0.383919,(Best of Five)
183.818,baixo,-165.18,0.0970486,(Best of Five)
185.073,moderado,-167.01,1.25459,(Best of Five)
185.17,baixo,-167.16,0.0968444,(Best of Five)
187.089,moderado,-169.97,1.91883,(Best of Five)
187.237,baixo,-170.19,0.148719,(Best of Five)
187.669,moderado,-170.83,0.431437,(Best of Five)
187.766,baixo,-170.98,0.0975945,(Best of Five)
189.453,alto,-173.44,1.68682,(Best of Five)
190.077,moderado,-174.36,0.624019,(Best of Five)
190.277,baixo,-174.65,0.200045,(Best of Five)
191.717,moderado,-176.76,1.43966,(Best of Five)
191.866,baixo,-176.98,0.148548,(Best of Five)
194.605,alto,-180.98,2.73946,(Best of Five)
194.8,moderado,-181.27,0.195296,(Best of Five)
194.898,baixo,-181.42,0.0977552,(Best of Five)
195.809,alto,-182.76,0.911343,(Best of Five)
196.245,baixo,-183.4,0.435992,(Best of Five)
196.393,alto,-183.62,0.148032,(Best of Five)
196.441,moderado,-183.7,0.0477143,(Best of Five)
196.49,baixo,-183.78,0.048733,(Best of Five)
196.586,moderado,-183.93,0.0957109,(Best of Five)
196.781,baixo,-184.22,0.195818,(Best of Five)
197.357,moderado,-185.07,0.576008,(Best of Five)
197.405,baixo,-185.15,0.0477874,(Best of Five)
198.47,moderado,-186.7,1.06436,(Best of Five)
198.517,alto,-186.78,0.0477638,(Best of Five)
198.857,moderado,-187.28,0.339902,(Best of Five)
199.436,baixo,-188.13,0.578874,(Best of Five)
203.037,moderado,-193.39,3.60121,(Best of Five)
203.085,alto,-193.47,0.0473444,(Best of Five)
204.006,baixo,-194.81,0.920827,(Best of Five)
205.929,alto,-197.62,1.92366,(Best of Five)
205.977,moderado,-197.7,0.0476947,(Best of Five)
206.074,baixo,-197.85,0.0971705,(Best of Five)
206.557,alto,-198.56,0.483015,(Best of Five)
206.945,moderado,-199.13,0.388338,(Best of Five)
207.089,baixo,-199.35,0.143927,(Best of Five)
210.549,moderado,-204.4,3.46016,(Best of Five)
210.647,baixo,-204.55,0.097143,(Best of Five)
212.765,alto,-207.64,2.11876,(Best of Five)
213.201,moderado,-208.28,0.435573,(Best of Five)
213.298,alto,-208.43,0.0975129,(Best of Five)
213.642,moderado,-208.93,0.343043,(Best of Five)
213.832,baixo,-209.22,0.190843,(Best of Five)
214.265,moderado,-209.86,0.432515,(Best of Five)
214.505,baixo,-210.22,0.23976,(Best of Five)
216.189,alto,-212.68,1.68431,(Best of Five)
216.525,moderado,-213.18,0.33652,(Best of Five)
216.573,baixo,-213.26,0.0475543,(Best of Five)
220.129,alto,-218.45,3.55565,(Best of Five)
220.325,moderado,-218.74,0.196786,(Best of Five)
220.373,alto,-218.82,0.0475391,(Best of Five)
220.47,moderado,-218.97,0.0968692,(Best of Five)
220.517,baixo,-219.05,0.0474055,(Best of Five)
222.485,moderado,-221.93,1.96813,(Best of Five)
222.583,baixo,-222.08,0.0971971,(Best of Five)
225.853,moderado,-226.85,3.27083,(Best of Five)
225.951,baixo,-227,0.0972384,(Best of Five)
226.197,moderado,-227.36,0.246759,(Best of Five)
226.341,baixo,-227.58,0.144032,(Best of Five)
227.877,moderado,-229.83,1.53595,(Best of Five)
227.974,baixo,-229.98,0.096466,(Best of Five)
230.09,alto,-233.07,2.11577,(Best of Five)
230.137,moderado,-233.15,0.0477147,(Best of Five)
230.186,baixo,-233.23,0.048761,(Best of Five)
233.305,moderado,-237.79,3.11869,(Best of Five)
233.449,baixo,-238.01,0.144419,(Best of Five)
234.701,moderado,-239.84,1.25223,(Best of Five)
234.749,baixo,-239.92,0.0478186,(Best of Five)
236.433,alto,-242.38,1.68384,(Best of Five)
236.531,moderado,-242.53,0.097616,(Best of Five)
236.63,baixo,-242.68,0.0996006,(Best of Five)
238.029,moderado,-244.72,1.39876,(Best of Five)
238.221,baixo,-245.01,0.19212,(Best of Five)
241.777,moderado,-250.2,3.55592,(Best of Five)
241.825,baixo,-250.28,0.0477473,(Best of Five)
243.797,moderado,-253.16,1.97262,(Best of Five)
243.845,baixo,-253.24,0.0474358,(Best of Five)
245.385,alto,-255.49,1.54054,(Best of Five)
246.109,moderado,-256.55,0.723886,(Best of Five)
246.253,alto,-256.77,0.143863,(Best of Five)
247.022,moderado,-257.9,0.768449,(Best of Five)
247.069,baixo,-257.98,0.0471083,(Best of Five)
247.357,moderado,-258.41,0.288228,(Best of Five)
247.454,baixo,-258.56,0.0973663,(Best of Five)
248.229,moderado,-259.69,0.774525,(Best of Five)
248.277,baixo,-259.77,0.0477415,(Best of Five)
254.709,moderado,-268.95,6.43275,(Best of Five)
254.756,baixo,-269.03,0.0469695,(Best of Five)
255.925,moderado,-270.72,1.16876,(Best of Five)
256.022,alto,-270.87,0.0972138,(Best of Five)
256.27,moderado,-271.23,0.247268,(Best of Five)
256.561,alto,-271.66,0.291839,(Best of Five)
256.659,moderado,-271.81,0.0970745,(Best of Five)
256.708,baixo,-271.89,0.0499491,(Best of Five)
258.585,alto,-274.63,1.877,(Best of Five)
258.925,moderado,-275.13,0.340014,(Best of Five)
259.022,alto,-275.28,0.0963155,(Best of Five)
259.265,moderado,-275.64,0.242739,(Best of Five)
259.312,baixo,-275.72,0.0477578,(Best of Five)
261.857,alto,-279.44,2.54517,(Best of Five)
263.157,moderado,-281.34,1.29996,(Best of Five)
263.254,baixo,-281.49,0.0965601,(Best of Five)
263.829,alto,-282.34,0.57532,(Best of Five)
264.549,moderado,-283.4,0.720163,(Best of Five)
264.646,alto,-283.55,0.0964619,(Best of Five)
265.125,moderado,-284.26,0.479558,(Best of Five)
265.173,alto,-284.34,0.0473325,(Best of Five)
265.941,moderado,-285.47,0.768095,(Best of Five)
266.039,baixo,-285.62,0.0976727,(Best of Five)
268.633,moderado,-289.41,2.59482,(Best of Five)
268.681,baixo,-289.49,0.0476793,(Best of Five)
272.385,moderado,-294.89,3.70394,(Best of Five)
272.481,baixo,-295.04,0.0961257,(Best of Five)
273.441,alto,-296.45,0.95977,(Best of Five)
273.973,moderado,-297.23,0.531889,(Best of Five)
274.021,baixo,-297.31,0.0485792,(Best of Five)
275.364,moderado,-299.28,1.34287,(Best of Five)
275.413,alto,-299.36,0.048253,(Best of Five)
275.894,baixo,-300.07,0.481039,(Best of Five)
281.225,alto,-307.85,5.33135,(Best of Five)
281.756,moderado,-308.63,0.531593,(Best of Five)
281.855,baixo,-308.78,0.0982006,(Best of Five)
282.101,moderado,-309.14,0.246106,(Best of Five)
282.149,baixo,-309.22,0.0485944,(Best of Five)
286.089,moderado,-314.97,3.94011,(Best of Five)
286.137,alto,-315.05,0.0478331,(Best of Five)
286.385,moderado,-315.41,0.248142,(Best of Five)
286.483,baixo,-315.56,0.0971213,(Best of Five)
287.642,alto,-317.25,1.15915,(Best of Five)
287.981,moderado,-317.75,0.339622,(Best of Five)
288.029,baixo,-317.83,0.0478432,(Best of Five)
289.229,alto,-319.59,1.20008,(Best of Five)
289.857,moderado,-320.51,0.627517,(Best of Five)
290.197,alto,-321.01,0.340419,(Best of Five)
293.177,moderado,-325.36,2.97981,(Best of Five)
293.225,baixo,-325.44,0.0476859,(Best of Five)
297.981,moderado,-332.38,4.75647,(Best of Five)
298.029,alto,-332.46,0.0479737,(Best of Five)
298.465,moderado,-333.1,0.435711,(Best of Five)
298.661,baixo,-333.39,0.196138,(Best of Five)
298.709,alto,-333.47,0.0480405,(Best of Five)
299.193,moderado,-334.18,0.484254,(Best of Five)
299.39,baixo,-334.47,0.19622,(Best of Five)
299.582,alto,-334.76,0.191991,(Best of Five)
300.257,moderado,-335.75,0.675895,(Best of Five)
300.355,baixo,-335.9,0.0975145,(Best of Five)
307.077,alto,-345.71,6.72251,(Best of Five)
307.125,moderado,-345.79,0.0475265,(Best of Five)
307.174,baixo,-345.87,0.0486087,(Best of Five)
309.533,alto,-349.31,2.3595,(Best of Five)
309.728,baixo,-349.6,0.195333,(Best of Five)
309.825,alto,-349.75,0.0967749,(Best of Five)
310.066,moderado,-350.11,0.240336,(Best of Five)
310.112,baixo,-350.19,0.0468511,(Best of Five)
312.569,alto,-353.77,2.45707,(Best of Five)
313.197,moderado,-354.69,0.627934,(Best of Five)
313.294,baixo,-354.84,0.0964839,(Best of Five)
315.021,moderado,-357.37,1.72705,(Best of Five)
315.169,baixo,-357.59,0.148121,(Best of Five)
315.941,moderado,-358.72,0.772246,(Best of Five)
316.377,baixo,-359.36,0.435866,(Best of Five)
317.581,alto,-361.12,1.20424,(Best of Five)
317.629,moderado,-361.2,0.0477101,(Best of Five)
317.825,baixo,-361.49,0.196173,(Best of Five)
319.893,alto,-364.51,2.06818,(Best of Five)
320.282,moderado,-365.08,0.38819,(Best of Five)
320.379,baixo,-365.23,0.097206,(Best of Five)
320.961,moderado,-366.08,0.582626,(Best of Five)
321.009,baixo,-366.16,0.047865,(Best of Five)
321.73,moderado,-367.22,0.720203,(Best of Five)
321.777,baixo,-367.3,0.0474811,(Best of Five)
326.729,moderado,-374.52,4.95241,(Best of Five)
326.877,baixo,-374.74,0.147803,(Best of Five)
329.852,alto,-379.09,2.97498,(Best of Five)
330.381,moderado,-379.87,0.528723,(Best of Five)
330.479,baixo,-380.02,0.0977721,(Best of Five)
331.637,moderado,-381.71,1.15877,(Best of Five)
331.685,alto,-381.79,0.0477071,(Best of Five)
332.741,moderado,-383.34,1.05598,(Best of Five)
332.789,baixo,-383.42,0.0480978,(Best of Five)
334.089,alto,-385.32,1.29998,(Best of Five)
334.764,moderado,-386.31,0.675073,(Best of Five)
334.863,baixo,-386.46,0.0984243,(Best of Five)
337.318,alto,-390.04,2.45483,(Best of Five)
337.845,moderado,-390.82,0.527635,(Best of Five)
337.942,alto,-390.97,0.0967306,(Best of Five)
338.229,moderado,-391.4,0.28744,(Best of Five)
338.277,alto,-391.48,0.0478131,(Best of Five)
338.326,baixo,-391.56,0.0483542,(Best of Five)
339.189,alto,-392.83,0.863736,(Best of Five)
339.529,moderado,-393.33,0.340059,(Best of Five)
339.577,baixo,-393.41,0.0474085,(Best of Five)
343.241,alto,-398.74,3.66449,(Best of Five)
343.289,moderado,-398.82,0.0478775,(Best of Five)
343.338,baixo,-398.9,0.0487725,(Best of Five)
346.362,moderado,-403.32,3.02382,(Best of Five)
346.409,baixo,-403.4,0.0469783,(Best of Five)
346.845,moderado,-404.04,0.436735,(Best of Five)
346.893,baixo,-404.12,0.0477195,(Best of Five)
347.381,moderado,-404.83,0.487925,(Best of Five)
347.429,alto,-404.91,0.0481162,(Best of Five)
347.479,moderado,-404.99,0.0495403,(Best of Five)
347.578,baixo,-405.14,0.0990687,(Best of Five)
350.122,moderado,-408.86,2.54379,(Best of Five)
350.269,alto,-409.08,0.147151,(Best of Five)
350.413,moderado,-409.3,0.144744,(Best of Five)
350.61,baixo,-409.59,0.196057,(Best of Five)
351.765,moderado,-411.28,1.15593,(Best of Five)
351.813,baixo,-411.36,0.0477627,(Best of Five)
351.911,moderado,-411.51,0.0974611,(Best of Five)
352.011,baixo,-411.66,0.10015,(Best of Five)
352.401,alto,-412.23,0.390654,(Best of Five)
353.265,moderado,-413.5,0.863616,(Best of Five)
353.313,baixo,-413.58,0.0478645,(Best of Five)
354.95,alto,-415.97,1.63665,(Best of Five)
355.097,moderado,-416.19,0.147705,(Best of Five)
355.241,baixo,-416.41,0.144055,(Best of Five)
355.918,alto,-417.4,0.676188,(Best of Five)
356.061,moderado,-417.62,0.143803,(Best of Five)
356.209,alto,-417.84,0.148047,(Best of Five)
356.307,moderado,-417.99,0.0973065,(Best of Five)
356.407,baixo,-418.14,0.100083,(Best of Five)
359.965,alto,-423.33,3.5586,(Best of Five)
360.063,moderado,-423.48,0.0973506,(Best of Five)
360.113,alto,-423.56,0.0505314,(Best of Five)
360.21,moderado,-423.71,0.0972188,(Best of Five)
360.457,baixo,-424.07,0.246964,(Best of Five)
361.757,moderado,-425.97,1.29944,(Best of Five)
361.805,baixo,-426.05,0.0478851,(Best of Five)
364.496,moderado,-429.98,2.69142,(Best of Five)
364.544,baixo,-430.06,0.0479178,(Best of Five)
366.849,moderado,-433.43,2.30516,(Best of Five)
366.946,baixo,-433.58,0.0966452,(Best of Five)
375.109,moderado,-445.49,8.16353,(Best of Five)
375.301,alto,-445.78,0.191351,(Best of Five)
375.925,moderado,-446.7,0.624583,(Best of Five)
375.972,baixo,-446.78,0.0470158,(Best of Five)
377.893,alto,-449.59,1.92098,(Best of Five)
378.133,moderado,-449.95,0.239955,(Best of Five)
378.231,baixo,-450.1,0.0973355,(Best of Five)
378.621,moderado,-450.67,0.390387,(Best of Five)
378.765,baixo,-450.89,0.144311,(Best of Five)
380.593,moderado,-453.56,1.82808,(Best of Five)
380.691,baixo,-453.71,0.0973516,(Best of Five)
380.79,alto,-453.86,0.0990171,(Best of Five)
381.081,moderado,-454.29,0.291086,(Best of Five)
381.129,baixo,-454.37,0.047733,(Best of Five)
381.906,alto,-455.5,0.77706,(Best of Five)
382.533,moderado,-456.42,0.627007,(Best of Five)
382.631,baixo,-456.57,0.097964,(Best of Five)
382.829,moderado,-456.86,0.198212,(Best of Five)
382.927,alto,-457.01,0.0978132,(Best of Five)
384.129,moderado,-458.77,1.20269,(Best of Five)
384.273,baixo,-458.99,0.144021,(Best of Five)
387.301,moderado,-463.41,3.02785,(Best of Five)
387.45,alto,-463.63,0.148273,(Best of Five)
387.741,moderado,-464.06,0.291318,(Best of Five)
387.937,baixo,-464.35,0.196318,(Best of Five)
389.954,moderado,-467.3,2.01642,(Best of Five)
390.149,alto,-467.59,0.195625,(Best of Five)
390.197,moderado,-467.67,0.047782,(Best of Five)
390.246,baixo,-467.75,0.0487342,(Best of Five)
390.295,alto,-467.83,0.0488779,(Best of Five)
390.877,moderado,-468.68,0.582817,(Best of Five)
390.925,alto,-468.76,0.0474895,(Best of Five)
391.213,moderado,-469.19,0.287648,(Best of Five)
391.311,alto,-469.34,0.0983105,(Best of Five)
391.557,moderado,-469.7,0.246606,(Best of Five)
391.605,baixo,-469.78,0.0477478,(Best of Five)
391.655,alto,-469.86,0.0495952,(Best of Five)
391.805,moderado,-470.08,0.150592,(Best of Five)
391.853,alto,-470.16,0.0477329,(Best of Five)
392.097,moderado,-470.52,0.243589,(Best of Five)
392.434,baixo,-471.02,0.336906,(Best of Five)
396.901,moderado,-477.54,4.46757,(Best of Five)
397.049,baixo,-477.76,0.148231,(Best of Five)
399.597,moderado,-481.48,2.54717,(Best of Five)
399.694,baixo,-481.63,0.0973925,(Best of Five)
407.33,moderado,-492.77,7.63554,(Best of Five)
407.426,baixo,-492.92,0.0969392,(Best of Five)
407.673,moderado,-493.28,0.246849,(Best of Five)
407.821,alto,-493.5,0.148091,(Best of Five)
408.017,moderado,-493.79,0.195223,(Best of Five)
408.161,baixo,-494.01,0.143939,(Best of Five)
413.057,moderado,-501.16,4.89624,(Best of Five)
413.154,baixo,-501.31,0.0972939,(Best of Five)
414.113,moderado,-502.72,0.959377,(Best of Five)
414.211,baixo,-502.87,0.0970928,(Best of Five)
414.985,alto,-504,0.774923,(Best of Five)
415.273,moderado,-504.43,0.288002,(Best of Five)
415.321,baixo,-504.51,0.0471045,(Best of Five)
416.045,moderado,-505.57,0.724798,(Best of Five)
416.093,baixo,-505.65,0.047954,(Best of Five)
417.49,moderado,-507.69,1.3962,(Best of Five)
417.538,baixo,-507.77,0.0479585,(Best of Five)
418.593,moderado,-509.32,1.05595,(Best of Five)
418.641,baixo,-509.4,0.0478139,(Best of Five)
424.409,alto,-517.81,5.76756,(Best of Five)
424.797,moderado,-518.38,0.388623,(Best of Five)
424.844,baixo,-518.46,0.0468524,(Best of Five)
427.73,moderado,-522.67,2.88522,(Best of Five)
427.826,baixo,-522.82,0.0965897,(Best of Five)
430.801,alto,-527.17,2.9753,(Best of Five)
431.137,moderado,-527.67,0.335648,(Best of Five)
431.185,baixo,-527.75,0.0478405,(Best of Five)
433.541,alto,-531.19,2.35652,(Best of Five)
435.176,moderado,-533.58,1.63472,(Best of Five)
435.369,baixo,-533.87,0.192806,(Best of Five)
436.042,alto,-534.86,0.67273,(Best of Five)
436.139,moderado,-535.01,0.0969855,(Best of Five)
436.238,baixo,-535.16,0.0992135,(Best of Five)
440.269,alto,-541.05,4.031,(Best of Five)
440.605,moderado,-541.55,0.336504,(Best of Five)
440.703,baixo,-541.7,0.0975087,(Best of Five)
441.428,alto,-542.76,0.72559,(Best of Five)
441.817,moderado,-543.33,0.388928,(Best of Five)
441.865,baixo,-543.41,0.0476833,(Best of Five)
443.065,alto,-545.17,1.20018,(Best of Five)
443.162,moderado,-545.32,0.0970558,(Best of Five)
443.209,baixo,-545.4,0.0466727,(Best of Five)
444.461,alto,-547.23,1.2517,(Best of Five)
444.897,moderado,-547.87,0.436342,(Best of Five)
444.945,baixo,-547.95,0.0480219,(Best of Five)
445.093,moderado,-548.17,0.14815,(Best of Five)
445.19,baixo,-548.32,0.0963926,(Best of Five)
449.989,moderado,-555.33,4.79978,(Best of Five)
450.134,baixo,-555.55,0.14422,(Best of Five)
450.325,alto,-555.84,0.191549,(Best of Five)
450.422,moderado,-555.99,0.0964743,(Best of Five)
450.468,baixo,-556.07,0.0468392,(Best of Five)
452.442,moderado,-558.95,1.9732,(Best of Five)
452.539,baixo,-559.1,0.0970231,(Best of Five)
456.289,moderado,-564.57,3.75072,(Best of Five)
456.337,baixo,-564.65,0.0476837,(Best of Five)
457.685,alto,-566.62,1.34782,(Best of Five)
458.41,moderado,-567.68,0.724611,(Best of Five)
458.457,baixo,-567.76,0.047092,(Best of Five)
459.089,alto,-568.68,0.632774,(Best of Five)
459.237,moderado,-568.9,0.148011,(Best of Five)
459.335,baixo,-569.05,0.0971608,(Best of Five)
459.818,moderado,-569.76,0.482934,(Best of Five)
459.865,baixo,-569.84,0.047166,(Best of Five)
461.117,moderado,-571.67,1.25233,(Best of Five)
461.164,baixo,-571.75,0.0474578,(Best of Five)
461.501,alto,-572.25,0.336932,(Best of Five)
462.078,moderado,-573.1,0.576163,(Best of Five)
462.321,baixo,-573.46,0.243529,(Best of Five)
465.152,alto,-577.6,2.8312,(Best of Five)
465.25,moderado,-577.75,0.0980322,(Best of Five)
465.301,baixo,-577.83,0.0508157,(Best of Five)
467.513,alto,-581.06,2.21198,(Best of Five)
467.657,moderado,-581.28,0.144386,(Best of Five)
467.8,baixo,-581.5,0.14287,(Best of Five)
470.537,alto,-585.5,2.7365,(Best of Five)
470.973,moderado,-586.14,0.436108,(Best of Five)
471.021,baixo,-586.22,0.0484997,(Best of Five)
472.653,alto,-588.61,1.63186,(Best of Five)
473.089,moderado,-589.25,0.435677,(Best of Five)
473.137,baixo,-589.33,0.0475774,(Best of Five)
476.501,moderado,-594.24,3.36484,(Best of Five)
476.599,baixo,-594.39,0.0972124,(Best of Five)
478.333,alto,-596.92,1.73478,(Best of Five)
478.577,moderado,-597.28,0.243599,(Best of Five)
478.674,alto,-597.43,0.0974102,(Best of Five)
480.313,moderado,-599.82,1.63895,(Best of Five)
480.557,baixo,-600.18,0.243955,(Best of Five)
487.47,moderado,-610.27,6.91217,(Best of Five)
487.761,baixo,-610.7,0.291908,(Best of Five)
488.677,moderado,-612.04,0.915468,(Best of Five)
488.873,baixo,-612.33,0.196174,(Best of Five)
489.358,moderado,-613.04,0.484464,(Best of Five)
489.454,alto,-613.19,0.096231,(Best of Five)
489.693,moderado,-613.55,0.239618,(Best of Five)
489.741,baixo,-613.63,0.0479833,(Best of Five)
491.038,alto,-615.53,1.29616,(Best of Five)
491.425,moderado,-616.1,0.38768,(Best of Five)
491.522,baixo,-616.25,0.0964364,(Best of Five)
496.041,moderado,-622.84,4.51956,(Best of Five)
496.137,baixo,-622.99,0.0962565,(Best of Five)
496.908,alto,-624.12,0.770482,(Best of Five)
498.781,moderado,-626.86,1.87334,(Best of Five)
499.022,alto,-627.22,0.24024,(Best of Five)
499.119,moderado,-627.37,0.0971696,(Best of Five)
499.169,baixo,-627.45,0.050534,(Best of Five)
499.701,moderado,-628.23,0.532183,(Best of Five)
499.749,baixo,-628.31,0.0478455,(Best of Five)
503.83,moderado,-634.27,4.08027,(Best of Five)
503.927,alto,-634.42,0.0971808,(Best of Five)
504.653,moderado,-635.48,0.72621,(Best of Five)
504.701,baixo,-635.56,0.0477727,(Best of Five)
507.537,moderado,-639.7,2.83673,(Best of Five)
507.733,baixo,-639.99,0.195894,(Best of Five)
508.261,moderado,-640.77,0.527937,(Best of Five)
508.358,baixo,-640.92,0.0966946,(Best of Five)
510.036,moderado,-643.38,1.67846,(Best of Five)
510.229,baixo,-643.67,0.192852,(Best of Five)
518.489,alto,-655.72,8.26002,(Best of Five)
518.633,moderado,-655.94,0.143266,(Best of Five)
518.681,baixo,-656.02,0.0480933,(Best of Five)
521.477,moderado,-660.09,2.79649,(Best of Five)
521.673,baixo,-660.38,0.195924,(Best of Five)
522.825,moderado,-662.07,1.15244,(Best of Five)
523.017,alto,-662.36,0.191368,(Best of Five)
523.065,moderado,-662.44,0.0486523,(Best of Five)
523.213,baixo,-662.66,0.147965,(Best of Five)
526.001,moderado,-666.73,2.78744,(Best of Five)
526.241,baixo,-667.09,0.240283,(Best of Five)
528.405,moderado,-670.25,2.16408,(Best of Five)
528.597,baixo,-670.54,0.192193,(Best of Five)
530.277,moderado,-673,1.67984,(Best of Five)
530.325,baixo,-673.08,0.0476167,(Best of Five)
534.549,moderado,-679.25,4.22441,(Best of Five)
534.597,baixo,-679.33,0.047851,(Best of Five)
536.086,moderado,-681.51,1.48836,(Best of Five)
536.281,alto,-681.8,0.195568,(Best of Five)
536.573,moderado,-682.23,0.29218,(Best of Five)
536.621,baixo,-682.31,0.0479098,(Best of Five)
537.537,moderado,-683.65,0.91571,(Best of Five)
537.634,baixo,-683.8,0.0968811,(Best of Five)
540.705,alto,-688.29,3.07139,(Best of Five)
540.993,moderado,-688.72,0.28792,(Best of Five)
541.189,baixo,-689.01,0.196016,(Best of Five)
542.389,alto,-690.77,1.20011,(Best of Five)
542.486,baixo,-690.92,0.0970223,(Best of Five)
543.017,alto,-691.7,0.531023,(Best of Five)
544.029,moderado,-693.18,1.01212,(Best of Five)
544.077,baixo,-693.26,0.0473585,(Best of Five)
549.409,alto,-701.04,5.3327,(Best of Five)
549.84,moderado,-701.68,0.430635,(Best of Five)
549.889,alto,-701.76,0.0490943,(Best of Five)
549.938,moderado,-701.84,0.0490696,(Best of Five)
550.034,baixo,-701.99,0.0956945,(Best of Five)
550.657,moderado,-702.91,0.622754,(Best of Five)
550.755,baixo,-703.06,0.0979221,(Best of Five)
554.265,alto,-708.18,3.51069,(Best of Five)
554.701,moderado,-708.82,0.436127,(Best of Five)
554.799,baixo,-708.97,0.0972741,(Best of Five)
554.848,alto,-709.05,0.0496303,(Best of Five)
555.041,moderado,-709.34,0.193025,(Best of Five)
555.429,baixo,-709.91,0.387736,(Best of Five)
557.109,moderado,-712.37,1.68036,(Best of Five)
557.157,baixo,-712.45,0.047785,(Best of Five)
557.305,moderado,-712.67,0.148116,(Best of Five)
557.353,baixo,-712.75,0.047603,(Best of Five)
559.418,alto,-715.77,2.06461,(Best of Five)
559.945,moderado,-716.55,0.527664,(Best of Five)
559.993,baixo,-716.63,0.0476474,(Best of Five)
562.301,moderado,-720,2.30833,(Best of Five)
562.349,alto,-720.08,0.0474577,(Best of Five)
562.398,moderado,-720.16,0.049629,(Best of Five)
562.498,alto,-720.31,0.0997958,(Best of Five)
563.557,moderado,-721.86,1.05916,(Best of Five)
563.896,baixo,-722.36,0.338997,(Best of Five)
566.873,alto,-726.71,2.97673,(Best of Five)
566.921,moderado,-726.79,0.0482104,(Best of Five)
566.97,alto,-726.87,0.0486938,(Best of Five)
567.161,moderado,-727.16,0.190966,(Best of Five)
567.353,baixo,-727.45,0.192284,(Best of Five)
568.893,moderado,-729.7,1.5398,(Best of Five)
568.941,alto,-729.78,0.0480343,(Best of Five)
569.042,moderado,-729.93,0.100759,(Best of Five)
569.089,baixo,-730.01,0.0477562,(Best of Five)
570.001,moderado,-731.35,0.911924,(Best of Five)
570.049,baixo,-731.43,0.0474089,(Best of Five)
571.497,alto,-733.54,1.44835,(Best of Five)
572.073,moderado,-734.39,0.575557,(Best of Five)
572.121,baixo,-734.47,0.0485141,(Best of Five)
573.277,moderado,-736.16,1.15615,(Best of Five)
573.421,baixo,-736.38,0.14337,(Best of Five)
574.193,moderado,-737.51,0.772002,(Best of Five)
574.337,baixo,-737.73,0.14461,(Best of Five)
574.485,alto,-737.95,0.147606,(Best of Five)
574.583,moderado,-738.1,0.0975969,(Best of Five)
574.872,baixo,-738.53,0.289687,(Best of Five)
575.209,moderado,-739.03,0.337154,(Best of Five)
575.257,baixo,-739.11,0.047877,(Best of Five)
575.306,alto,-739.19,0.0487826,(Best of Five)
575.407,moderado,-739.34,0.100521,(Best of Five)
575.797,baixo,-739.91,0.390904,(Best of Five)
576.137,alto,-740.41,0.33965,(Best of Five)
576.185,moderado,-740.49,0.0479353,(Best of Five)
576.381,baixo,-740.78,0.1963,(Best of Five)
576.529,moderado,-741,0.147171,(Best of Five)
576.626,baixo,-741.15,0.097502,(Best of Five)
577.397,alto,-742.28,0.771147,(Best of Five)
580.138,moderado,-746.28,2.7404,(Best of Five)
580.185,baixo,-746.36,0.0475258,(Best of Five)
580.473,alto,-746.79,0.287879,(Best of Five)
581.005,moderado,-747.57,0.532426,(Best of Five)
581.103,alto,-747.72,0.0972943,(Best of Five)
581.349,moderado,-748.08,0.246084,(Best of Five)
581.545,baixo,-748.37,0.196526,(Best of Five)
582.077,moderado,-749.15,0.532125,(Best of Five)
582.124,baixo,-749.23,0.0470435,(Best of Five)
583.713,alto,-751.55,1.58868,(Best of Five)
584.097,moderado,-752.12,0.383642,(Best of Five)
584.145,baixo,-752.2,0.0478593,(Best of Five)
588.177,alto,-758.09,4.03219,(Best of Five)
588.897,moderado,-759.15,0.720011,(Best of Five)
589.185,baixo,-759.58,0.288514,(Best of Five)
589.957,alto,-760.71,0.771852,(Best of Five)
590.341,moderado,-761.28,0.384011,(Best of Five)
590.489,baixo,-761.5,0.148174,(Best of Five)
591.309,moderado,-762.7,0.819991,(Best of Five)
591.357,baixo,-762.78,0.0477721,(Best of Five)
592.129,alto,-763.91,0.77183,(Best of Five)
593.237,moderado,-765.53,1.10838,(Best of Five)
593.285,baixo,-765.61,0.0477845,(Best of Five)
593.677,moderado,-766.18,0.392118,(Best of Five)
593.725,baixo,-766.26,0.0474971,(Best of Five)
594.353,moderado,-767.18,0.628227,(Best of Five)
594.451,baixo,-767.33,0.0974923,(Best of Five)
594.645,moderado,-767.62,0.194886,(Best of Five)
594.937,baixo,-768.05,0.292043,(Best of Five)
595.949,moderado,-769.53,1.0116,(Best of Five)
596.146,baixo,-769.82,0.196453,(Best of Five)
597.153,alto,-771.3,1.00787,(Best of Five)
597.201,moderado,-771.38,0.0479775,(Best of Five)
597.303,baixo,-771.53,0.101246,(Best of Five)
600.285,moderado,-775.88,2.98216,(Best of Five)
600.383,alto,-776.03,0.0978347,(Best of Five)
600.533,moderado,-776.25,0.150738,(Best of Five)
600.58,alto,-776.33,0.0471421,(Best of Five)
601.065,moderado,-777.04,0.484296,(Best of Five)
601.162,alto,-777.19,0.0971726,(Best of Five)
601.258,moderado,-777.34,0.0961357,(Best of Five)
601.401,baixo,-777.56,0.143315,(Best of Five)
601.597,alto,-777.85,0.195785,(Best of Five)
602.464,moderado,-779.12,0.866896,(Best of Five)
602.513,baixo,-779.2,0.0489833,(Best of Five)
604.577,alto,-782.22,2.06437,(Best of Five)
604.675,moderado,-782.37,0.097207,(Best of Five)
604.821,baixo,-782.59,0.146413,(Best of Five)
605.109,moderado,-783.02,0.287764,(Best of Five)
605.301,baixo,-783.31,0.192449,(Best of Five)
605.733,alto,-783.95,0.432152,(Best of Five)
605.877,moderado,-784.17,0.14385,(Best of Five)
605.974,baixo,-784.32,0.0970029,(Best of Five)
608.473,alto,-787.97,2.49875,(Best of Five)
608.57,moderado,-788.12,0.0972834,(Best of Five)
608.617,baixo,-788.2,0.0465298,(Best of Five)
612.365,alto,-793.67,3.74866,(Best of Five)
612.509,moderado,-793.89,0.143664,(Best of Five)
612.557,baixo,-793.97,0.0478843,(Best of Five)
613.522,moderado,-795.38,0.964477,(Best of Five)
613.569,baixo,-795.46,0.0477019,(Best of Five)
615.109,moderado,-797.71,1.54004,(Best of Five)
615.253,alto,-797.93,0.143972,(Best of Five)
615.977,moderado,-798.99,0.724032,(Best of Five)
616.074,baixo,-799.14,0.0968492,(Best of Five)
616.121,moderado,-799.22,0.0468871,(Best of Five)
616.317,baixo,-799.51,0.195844,(Best of Five)
616.513,alto,-799.8,0.196595,(Best of Five)
617.281,moderado,-800.93,0.767986,(Best of Five)
617.429,alto,-801.15,0.147323,(Best of Five)
618.009,moderado,-802,0.580184,(Best of Five)
618.057,alto,-802.08,0.0478522,(Best of Five)
618.401,moderado,-802.58,0.344389,(Best of Five)
618.449,baixo,-802.66,0.0482673,(Best of Five)
619.36,alto,-804,0.910781,(Best of Five)
619.505,baixo,-804.22,0.145253,(Best of Five)
621.664,moderado,-807.38,2.1589,(Best of Five)
621.713,alto,-807.46,0.0482438,(Best of Five)
621.762,moderado,-807.54,0.0490246,(Best of Five)
621.905,baixo,-807.76,0.143751,(Best of Five)
623.921,alto,-810.71,2.01552,(Best of Five)
624.065,moderado,-810.93,0.14447,(Best of Five)
624.113,alto,-811.01,0.0474724,(Best of Five)
624.309,moderado,-811.3,0.196361,(Best of Five)
624.406,baixo,-811.45,0.0970277,(Best of Five)
626.901,alto,-815.1,2.4946,(Best of Five)
627.865,moderado,-816.51,0.964319,(Best of Five)
627.913,baixo,-816.59,0.0480264,(Best of Five)
628.249,alto,-817.09,0.335623,(Best of Five)
628.974,moderado,-818.15,0.724704,(Best of Five)
629.169,baixo,-818.44,0.195904,(Best of Five)
630.181,moderado,-819.92,1.0119,(Best of Five)
630.278,alto,-820.07,0.0963778,(Best of Five)
630.617,moderado,-820.57,0.339752,(Best of Five)
630.664,baixo,-820.65,0.0469496,(Best of Five)
631.774,moderado,-822.27,1.10908,(Best of Five)
631.821,baixo,-822.35,0.0474753,(Best of Five)
632.593,alto,-823.48,0.772165,(Best of Five)
632.641,moderado,-823.56,0.0475136,(Best of Five)
632.793,baixo,-823.78,0.152712,(Best of Five)
634.285,moderado,-825.96,1.49207,(Best of Five)
634.333,baixo,-826.04,0.0475842,(Best of Five)
634.431,alto,-826.19,0.0976349,(Best of Five)
634.625,moderado,-826.48,0.194778,(Best of Five)
634.723,baixo,-826.63,0.097175,(Best of Five)
636.121,alto,-828.67,1.39858,(Best of Five)
636.653,moderado,-829.45,0.531598,(Best of Five)
636.801,alto,-829.67,0.148468,(Best of Five)
637.185,moderado,-830.24,0.383385,(Best of Five)
637.329,baixo,-830.46,0.144708,(Best of Five)
638.197,alto,-831.73,0.867956,(Best of Five)
638.537,moderado,-832.23,0.339377,(Best of Five)
638.97,baixo,-832.87,0.432884,(Best of Five)
641.997,moderado,-837.29,3.02789,(Best of Five)
642.045,baixo,-837.37,0.0471727,(Best of Five)
643.297,alto,-839.2,1.25277,(Best of Five)
643.59,moderado,-839.63,0.292191,(Best of Five)
643.834,alto,-839.99,0.243965,(Best of Five)
643.93,moderado,-840.14,0.0965665,(Best of Five)
644.073,baixo,-840.36,0.143361,(Best of Five)
645.085,alto,-841.84,1.01155,(Best of Five)
645.229,moderado,-842.06,0.14438,(Best of Five)
645.377,baixo,-842.28,0.147832,(Best of Five)
651.669,moderado,-851.46,6.29224,(Best of Five)
651.869,alto,-851.75,0.200008,(Best of Five)
652.065,moderado,-852.04,0.19595,(Best of Five)
652.113,baixo,-852.12,0.0478015,(Best of Five)
652.785,alto,-853.11,0.672182,(Best of Five)
653.265,moderado,-853.82,0.479502,(Best of Five)
653.461,alto,-854.11,0.196482,(Best of Five)
654.57,moderado,-855.73,1.1083,(Best of Five)
654.617,baixo,-855.81,0.0476343,(Best of Five)
655.481,moderado,-857.08,0.864093,(Best of Five)
655.578,baixo,-857.23,0.0962193,(Best of Five)
656.009,moderado,-857.87,0.431217,(Best of Five)
656.107,alto,-858.02,0.0976955,(Best of Five)
656.449,moderado,-858.52,0.342918,(Best of Five)
656.598,baixo,-858.74,0.148027,(Best of Five)
657.269,moderado,-859.73,0.671621,(Best of Five)
657.845,baixo,-860.58,0.576316,(Best of Five)
658.089,alto,-860.94,0.243919,(Best of Five)
658.381,moderado,-861.37,0.292094,(Best of Five)
658.429,baixo,-861.45,0.0474439,(Best of Five)
660.018,moderado,-863.77,1.58866,(Best of Five)
660.115,baixo,-863.92,0.0971467,(Best of Five)
661.609,alto,-866.1,1.49461,(Best of Five)
662.045,moderado,-866.74,0.436157,(Best of Five)
662.092,baixo,-866.82,0.0469879,(Best of Five)
664.349,moderado,-870.12,2.25699,(Best of Five)
664.397,baixo,-870.2,0.0477803,(Best of Five)
665.457,moderado,-871.75,1.05992,(Best of Five)
665.555,baixo,-871.9,0.0975744,(Best of Five)
669.876,moderado,-878.21,4.32172,(Best of Five)
669.925,baixo,-878.29,0.0483247,(Best of Five)
670.645,alto,-879.35,0.720227,(Best of Five)
671.125,moderado,-880.06,0.480012,(Best of Five)
671.173,baixo,-880.14,0.0482617,(Best of Five)
672.817,moderado,-882.53,1.64406,(Best of Five)
672.865,alto,-882.61,0.0478691,(Best of Five)
672.961,moderado,-882.76,0.0962131,(Best of Five)
673.058,baixo,-882.91,0.0970646,(Best of Five)
675.413,alto,-886.35,2.35406,(Best of Five)
675.749,baixo,-886.85,0.33625,(Best of Five)
677.001,moderado,-888.68,1.25193,(Best of Five)
677.098,baixo,-888.83,0.0975964,(Best of Five)
681.081,alto,-894.65,3.98312,(Best of Five)
682.285,moderado,-896.41,1.20333,(Best of Five)
682.529,baixo,-896.77,0.243901,(Best of Five)
686.033,moderado,-901.89,3.50436,(Best of Five)
686.177,baixo,-902.11,0.143478,(Best of Five)
687.089,alto,-903.45,0.91261,(Best of Five)
687.381,moderado,-903.88,0.292256,(Best of Five)
687.429,baixo,-903.96,0.0478609,(Best of Five)
691.993,moderado,-910.62,4.56369,(Best of Five)
692.091,baixo,-910.77,0.0977555,(Best of Five)
694.785,alto,-914.7,2.69468,(Best of Five)
695.601,moderado,-915.9,0.816005,(Best of Five)
695.699,baixo,-916.05,0.0972447,(Best of Five)
697.817,moderado,-919.14,2.11881,(Best of Five)
697.865,alto,-919.22,0.0479395,(Best of Five)
698.541,moderado,-920.21,0.675287,(Best of Five)
698.589,baixo,-920.29,0.0485671,(Best of Five)
699.793,moderado,-922.05,1.20361,(Best of Five)
699.889,baixo,-922.2,0.0963851,(Best of Five)
702.338,moderado,-925.78,2.44852,(Best of Five)
702.385,alto,-925.86,0.0472575,(Best of Five)
702.53,moderado,-926.08,0.14451,(Best of Five)
702.817,baixo,-926.51,0.287922,(Best of Five)
702.913,alto,-926.66,0.0959638,(Best of Five)
704.791,moderado,-929.4,1.87769,(Best of Five)
704.84,baixo,-929.48,0.0491814,(Best of Five)
706.429,alto,-931.8,1.58879,(Best of Five)
707.197,moderado,-932.93,0.767836,(Best of Five)
707.245,alto,-933.01,0.048081,(Best of Five)
707.921,moderado,-934,0.676392,(Best of Five)
708.214,alto,-934.43,0.292177,(Best of Five)
708.261,moderado,-934.51,0.0474664,(Best of Five)
708.359,baixo,-934.66,0.0975073,(Best of Five)
708.409,alto,-934.74,0.0502379,(Best of Five)
708.557,moderado,-934.96,0.148037,(Best of Five)
708.654,baixo,-935.11,0.0973232,(Best of Five)
712.353,alto,-940.51,3.69922,(Best of Five)
712.549,moderado,-940.8,0.196121,(Best of Five)
712.596,baixo,-940.88,0.0467915,(Best of Five)
713.081,moderado,-941.59,0.484478,(Best of Five)
713.23,baixo,-941.81,0.148804,(Best of Five)
713.377,alto,-942.03,0.147918,(Best of Five)
714.241,moderado,-943.3,0.863624,(Best of Five)
714.389,baixo,-943.52,0.148412,(Best of Five)
716.073,moderado,-945.98,1.68336,(Best of Five)
716.317,baixo,-946.34,0.244548,(Best of Five)
716.465,moderado,-946.56,0.148027,(Best of Five)
716.513,baixo,-946.64,0.0479025,(Best of Five)
718.101,alto,-948.96,1.58786,(Best of Five)
718.245,moderado,-949.18,0.143848,(Best of Five)
718.342,baixo,-949.33,0.0965007,(Best of Five)
722.569,moderado,-955.5,4.22771,(Best of Five)
722.617,baixo,-955.58,0.0473411,(Best of Five)
723.921,moderado,-957.48,1.30485,(Best of Five)
724.069,baixo,-957.7,0.147606,(Best of Five)
734.441,moderado,-972.83,10.372,(Best of Five)
734.633,baixo,-973.12,0.192212,(Best of Five)
738.817,alto,-979.22,4.18427,(Best of Five)
739.013,moderado,-979.51,0.195862,(Best of Five)
739.21,alto,-979.8,0.1966,(Best of Five)
739.258,moderado,-979.88,0.0478526,(Best of Five)
739.401,baixo,-980.1,0.142953,(Best of Five)
743.053,alto,-985.43,3.65262,(Best of Five)
743.585,moderado,-986.21,0.531477,(Best of Five)
743.682,baixo,-986.36,0.0972281,(Best of Five)
745.745,moderado,-989.38,2.06342,(Best of Five)
745.893,baixo,-989.6,0.14753,(Best of Five)
748.153,moderado,-992.9,2.26036,(Best of Five)
748.251,baixo,-993.05,0.0972118,(Best of Five)
748.351,alto,-993.2,0.100109,(Best of Five)
748.597,moderado,-993.56,0.246514,(Best of Five)
748.695,baixo,-993.71,0.0973371,(Best of Five)
753.162,alto,-1000.23,4.46698,(Best of Five)
753.357,moderado,-1000.52,0.195688,(Best of Five)
753.454,baixo,-1000.67,0.0964834,(Best of Five)
758.497,moderado,-1008.03,5.04329,(Best of Five)
758.689,baixo,-1008.32,0.191992,(Best of Five)
762.869,moderado,-1014.42,4.18044,(Best of Five)
763.065,alto,-1014.71,0.195259,(Best of Five)
764.605,baixo,-1016.96,1.54077,(Best of Five)
764.653,moderado,-1017.04,0.0478942,(Best of Five)
764.702,baixo,-1017.12,0.0487363,(Best of Five)
770.033,moderado,-1024.9,5.33129,(Best of Five)
770.13,baixo,-1025.05,0.097055,(Best of Five)
770.761,moderado,-1025.97,0.631048,(Best of Five)
770.809,alto,-1026.05,0.0477924,(Best of Five)
770.906,moderado,-1026.2,0.0969817,(Best of Five)
770.953,baixo,-1026.28,0.0470633,(Best of Five)
775.325,moderado,-1032.66,4.37163,(Best of Five)
775.422,baixo,-1032.81,0.097382,(Best of Five)
775.565,moderado,-1033.03,0.142373,(Best of Five)
775.953,baixo,-1033.6,0.388604,(Best of Five)
776.485,alto,-1034.38,0.531589,(Best of Five)
777.113,moderado,-1035.3,0.628601,(Best of Five)
777.211,baixo,-1035.45,0.0972741,(Best of Five)
777.981,alto,-1036.58,0.770597,(Best of Five)
778.512,moderado,-1037.36,0.530878,(Best of Five)
778.61,baixo,-1037.51,0.0980487,(Best of Five)
779.093,alto,-1038.22,0.483109,(Best of Five)
779.141,moderado,-1038.3,0.0473345,(Best of Five)
779.243,alto,-1038.45,0.102052,(Best of Five)
780.157,moderado,-1039.79,0.914174,(Best of Five)
780.301,alto,-1040.01,0.144496,(Best of Five)
780.833,moderado,-1040.79,0.531787,(Best of Five)
781.025,baixo,-1041.08,0.191637,(Best of Five)
782.081,alto,-1042.63,1.0565,(Best of Five)
783.185,moderado,-1044.25,1.10404,(Best of Five)
783.282,baixo,-1044.4,0.096599,(Best of Five)
785.206,moderado,-1047.21,1.92358,(Best of Five)
785.303,baixo,-1047.36,0.0971884,(Best of Five)
786.125,moderado,-1048.56,0.822535,(Best of Five)
786.223,baixo,-1048.71,0.0973435,(Best of Five)
786.417,alto,-1049,0.194814,(Best of Five)
787.809,moderado,-1051.04,1.39157,(Best of Five)
788.294,baixo,-1051.75,0.484483,(Best of Five)
788.489,moderado,-1052.04,0.19593,(Best of Five)
788.733,baixo,-1052.4,0.243511,(Best of Five)
790.269,alto,-1054.65,1.5357,(Best of Five)
790.561,moderado,-1055.08,0.29238,(Best of Five)
790.757,baixo,-1055.37,0.19633,(Best of Five)
790.805,moderado,-1055.45,0.0473311,(Best of Five)
790.854,baixo,-1055.53,0.0489087,(Best of Five)
790.902,moderado,-1055.61,0.0485112,(Best of Five)
790.951,baixo,-1055.69,0.0483835,(Best of Five)
791.193,moderado,-1056.05,0.24281,(Best of Five)
791.241,alto,-1056.13,0.0474096,(Best of Five)
791.77,moderado,-1056.91,0.528819,(Best of Five)
791.817,baixo,-1056.99,0.0479109,(Best of Five)
792.249,moderado,-1057.63,0.431957,(Best of Five)
792.297,baixo,-1057.71,0.0471574,(Best of Five)
796.761,alto,-1064.23,4.46485,(Best of Five)
796.858,moderado,-1064.38,0.0961848,(Best of Five)
796.905,baixo,-1064.46,0.047146,(Best of Five)
797.097,moderado,-1064.75,0.192711,(Best of Five)
797.241,baixo,-1064.97,0.143618,(Best of Five)
800.125,alto,-1069.18,2.88425,(Best of Five)
800.561,moderado,-1069.82,0.435956,(Best of Five)
800.753,baixo,-1070.11,0.19207,(Best of Five)
802.773,alto,-1073.06,2.01962,(Best of Five)
803.157,moderado,-1073.63,0.383809,(Best of Five)
803.254,baixo,-1073.78,0.0971627,(Best of Five)
805.465,alto,-1077.01,2.21135,(Best of Five)
805.513,moderado,-1077.09,0.0479748,(Best of Five)
805.805,baixo,-1077.52,0.291657,(Best of Five)
806.674,moderado,-1078.79,0.868639,(Best of Five)
806.721,baixo,-1078.87,0.0472635,(Best of Five)
806.961,moderado,-1079.23,0.24052,(Best of Five)
807.008,alto,-1079.31,0.0468135,(Best of Five)
807.106,moderado,-1079.46,0.0978091,(Best of Five)
807.153,baixo,-1079.54,0.0468748,(Best of Five)
807.873,moderado,-1080.6,0.720118,(Best of Five)
807.921,alto,-1080.68,0.0479102,(Best of Five)
808.837,moderado,-1082.02,0.916464,(Best of Five)
808.981,alto,-1082.24,0.144023,(Best of Five)
809.129,baixo,-1082.46,0.147681,(Best of Five)
809.513,alto,-1083.03,0.383882,(Best of Five)
809.805,moderado,-1083.46,0.292091,(Best of Five)
810.189,alto,-1084.03,0.383597,(Best of Five)
810.385,moderado,-1084.32,0.195884,(Best of Five)
810.433,baixo,-1084.4,0.0486751,(Best of Five)
811.489,alto,-1085.95,1.05618,(Best of Five)
811.829,moderado,-1086.45,0.33981,(Best of Five)
811.926,baixo,-1086.6,0.0972299,(Best of Five)
812.6,moderado,-1087.59,0.673929,(Best of Five)
812.704,baixo,-1087.74,0.103838,(Best of Five)
812.854,alto,-1087.96,0.149572,(Best of Five)
813.391,moderado,-1088.74,0.536925,(Best of Five)
813.441,baixo,-1088.82,0.0501117,(Best of Five)
814.374,alto,-1090.16,0.932977,(Best of Five)
814.808,moderado,-1090.8,0.434292,(Best of Five)
814.91,baixo,-1090.95,0.101829,(Best of Five)
816.068,alto,-1092.64,1.15845,(Best of Five)
817.429,moderado,-1094.61,1.36075,(Best of Five)
817.578,baixo,-1094.83,0.148437,(Best of Five)
821.084,moderado,-1099.95,3.5066,(Best of Five)
821.133,alto,-1100.03,0.0488652,(Best of Five)
822.238,moderado,-1101.65,1.10455,(Best of Five)
822.482,alto,-1102.01,0.244178,(Best of Five)
822.769,moderado,-1102.44,0.287354,(Best of Five)
822.866,baixo,-1102.59,0.0974205,(Best of Five)
823.209,moderado,-1103.09,0.34239,(Best of Five)
823.257,baixo,-1103.17,0.0478718,(Best of Five)
823.644,alto,-1103.74,0.387531,(Best of Five)
823.889,moderado,-1104.1,0.244687,(Best of Five)
824.277,alto,-1104.67,0.388412,(Best of Five)
825.093,moderado,-1105.87,0.815863,(Best of Five)
825.433,baixo,-1106.37,0.339782,(Best of Five)
825.529,alto,-1106.52,0.0962575,(Best of Five)
826.009,moderado,-1107.23,0.479611,(Best of Five)
826.249,baixo,-1107.59,0.240564,(Best of Five)
827.261,moderado,-1109.07,1.01195,(Best of Five)
827.309,baixo,-1109.15,0.047532,(Best of Five)
827.649,moderado,-1109.65,0.339939,(Best of Five)
827.697,baixo,-1109.73,0.0484851,(Best of Five)
830.39,moderado,-1113.66,2.69216,(Best of Five)
830.437,baixo,-1113.74,0.0474724,(Best of Five)
830.917,alto,-1114.45,0.480282,(Best of Five)
831.157,moderado,-1114.81,0.240156,(Best of Five)
831.204,baixo,-1114.89,0.0468615,(Best of Five)
831.737,alto,-1115.67,0.533072,(Best of Five)
831.835,moderado,-1115.82,0.0974456,(Best of Five)
831.981,baixo,-1116.04,0.146342,(Best of Five)
833.521,alto,-1118.29,1.54008,(Best of Five)
833.765,moderado,-1118.65,0.244215,(Best of Five)
834.057,baixo,-1119.08,0.291969,(Best of Five)
834.301,alto,-1119.44,0.243504,(Best of Five)
834.349,moderado,-1119.52,0.048294,(Best of Five)
834.497,baixo,-1119.74,0.14795,(Best of Five)
836.085,alto,-1122.06,1.58827,(Best of Five)
836.473,moderado,-1122.63,0.388048,(Best of Five)
836.521,baixo,-1122.71,0.0474817,(Best of Five)
838.685,alto,-1125.87,2.16358,(Best of Five)
838.783,moderado,-1126.02,0.0982542,(Best of Five)
838.982,baixo,-1126.31,0.198731,(Best of Five)
839.029,alto,-1126.39,0.0476421,(Best of Five)
839.461,moderado,-1127.03,0.432228,(Best of Five)
839.509,baixo,-1127.11,0.0478383,(Best of Five)
840.857,moderado,-1129.08,1.34802,(Best of Five)
840.905,baixo,-1129.16,0.0478766,(Best of Five)
842.017,alto,-1130.78,1.11162,(Best of Five)
842.641,moderado,-1131.7,0.624717,(Best of Five)
842.737,baixo,-1131.85,0.0957964,(Best of Five)
843.317,alto,-1132.7,0.580038,(Best of Five)
843.946,moderado,-1133.62,0.628209,(Best of Five)
844.089,baixo,-1133.84,0.143813,(Best of Five)
845.197,moderado,-1135.46,1.10795,(Best of Five)
845.394,alto,-1135.75,0.196233,(Best of Five)
845.877,moderado,-1136.46,0.483099,(Best of Five)
846.025,alto,-1136.68,0.148728,(Best of Five)
846.413,moderado,-1137.25,0.388142,(Best of Five)
846.461,baixo,-1137.33,0.0476474,(Best of Five)
849.629,alto,-1141.96,3.16827,(Best of Five)
849.677,moderado,-1142.04,0.0477312,(Best of Five)
849.726,alto,-1142.12,0.0486736,(Best of Five)
849.973,moderado,-1142.48,0.24769,(Best of Five)
850.021,baixo,-1142.56,0.0477572,(Best of Five)
850.269,alto,-1142.92,0.248214,(Best of Five)
850.366,moderado,-1143.07,0.0969667,(Best of Five)
850.417,baixo,-1143.15,0.0502259,(Best of Five)
858.778,alto,-1155.34,8.36086,(Best of Five)
859.31,moderado,-1156.12,0.532014,(Best of Five)
859.357,baixo,-1156.2,0.0478707,(Best of Five)
860.129,alto,-1157.33,0.772165,(Best of Five)
860.421,moderado,-1157.76,0.29177,(Best of Five)
860.469,baixo,-1157.84,0.0479458,(Best of Five)
863.258,moderado,-1161.91,2.78839,(Best of Five)
863.305,baixo,-1161.99,0.0476173,(Best of Five)
864.409,alto,-1163.61,1.10409,(Best of Five)
864.844,moderado,-1164.25,0.434974,(Best of Five)
865.037,baixo,-1164.54,0.192696,(Best of Five)
866.909,alto,-1167.28,1.87251,(Best of Five)
866.957,moderado,-1167.36,0.0475707,(Best of Five)
867.054,alto,-1167.51,0.0967731,(Best of Five)
867.201,moderado,-1167.73,0.147643,(Best of Five)
867.299,baixo,-1167.88,0.0973026,(Best of Five)
867.349,moderado,-1167.96,0.0504459,(Best of Five)
867.497,baixo,-1168.18,0.148269,(Best of Five)
867.981,moderado,-1168.89,0.483871,(Best of Five)
868.028,baixo,-1168.97,0.0470814,(Best of Five)
869.425,moderado,-1171.01,1.397,(Best of Five)
869.573,baixo,-1171.23,0.148029,(Best of Five)
870.825,alto,-1173.06,1.25153,(Best of Five)
870.873,moderado,-1173.14,0.0479637,(Best of Five)
870.97,alto,-1173.29,0.0972077,(Best of Five)
871.593,moderado,-1174.21,0.62291,(Best of Five)
871.691,alto,-1174.36,0.097711,(Best of Five)
872.173,moderado,-1175.07,0.482385,(Best of Five)
872.27,baixo,-1175.22,0.0967103,(Best of Five)
873.569,moderado,-1177.12,1.2994,(Best of Five)
873.617,baixo,-1177.2,0.0475608,(Best of Five)
880.737,moderado,-1187.57,7.12061,(Best of Five)
880.785,baixo,-1187.65,0.0474704,(Best of Five)
881.173,alto,-1188.22,0.388172,(Best of Five)
881.369,moderado,-1188.51,0.19566,(Best of Five)
881.417,baixo,-1188.59,0.0486606,(Best of Five)
883.529,alto,-1191.68,2.11209,(Best of Five)
883.918,moderado,-1192.25,0.388196,(Best of Five)
883.964,baixo,-1192.33,0.0468511,(Best of Five)
890.741,moderado,-1202.21,6.77678,(Best of Five)
890.789,alto,-1202.29,0.0474907,(Best of Five)
890.937,baixo,-1202.51,0.147784,(Best of Five)
891.421,moderado,-1203.22,0.484901,(Best of Five)
891.519,baixo,-1203.37,0.0971182,(Best of Five)
892.293,moderado,-1204.5,0.7749,(Best of Five)
892.341,alto,-1204.58,0.0477325,(Best of Five)
893.397,moderado,-1206.13,1.05618,(Best of Five)
893.494,baixo,-1206.28,0.0966806,(Best of Five)
896.33,moderado,-1210.42,2.83552,(Best of Five)
896.426,baixo,-1210.57,0.0963704,(Best of Five)
897.721,moderado,-1212.47,1.29544,(Best of Five)
897.769,baixo,-1212.55,0.047608,(Best of Five)
899.694,alto,-1215.36,1.92453,(Best of Five)
899.741,moderado,-1215.44,0.0477764,(Best of Five)
899.791,baixo,-1215.52,0.049445,(Best of Five)
900.081,moderado,-1215.95,0.290628,(Best of Five)
900.129,baixo,-1216.03,0.0474955,(Best of Five)
905.609,moderado,-1224.02,5.48006,(Best of Five)
905.753,baixo,-1224.24,0.144565,(Best of Five)
905.849,moderado,-1224.39,0.0959309,(Best of Five)
906.189,baixo,-1224.89,0.339531,(Best of Five)
907.101,moderado,-1226.23,0.912438,(Best of Five)
907.203,baixo,-1226.38,0.101243,(Best of Five)
908.453,alto,-1228.21,1.25083,(Best of Five)
908.745,moderado,-1228.64,0.291942,(Best of Five)
908.843,alto,-1228.79,0.0971128,(Best of Five)
909.473,baixo,-1229.71,0.630491,(Best of Five)
909.521,moderado,-1229.79,0.0478183,(Best of Five)
909.57,baixo,-1229.87,0.0495008,(Best of Five)
911.253,moderado,-1232.33,1.68303,(Best of Five)
911.351,baixo,-1232.48,0.0973021,(Best of Five)
913.946,alto,-1236.27,2.59492,(Best of Five)
914.381,moderado,-1236.91,0.435342,(Best of Five)
914.479,baixo,-1237.06,0.0976173,(Best of Five)
920.965,moderado,-1246.52,6.48697,(Best of Five)
921.013,alto,-1246.6,0.0474587,(Best of Five)
921.209,moderado,-1246.89,0.196292,(Best of Five)
921.305,alto,-1247.04,0.0962564,(Best of Five)
921.641,moderado,-1247.54,0.335922,(Best of Five)
921.789,baixo,-1247.76,0.147866,(Best of Five)
923.037,alto,-1249.59,1.24796,(Best of Five)
923.134,moderado,-1249.74,0.0968674,(Best of Five)
923.181,baixo,-1249.82,0.0465052,(Best of Five)
923.661,alto,-1250.53,0.480837,(Best of Five)
924.769,moderado,-1252.15,1.10778,(Best of Five)
924.817,baixo,-1252.23,0.0474978,(Best of Five)
925.057,alto,-1252.59,0.240331,(Best of Five)
927.122,moderado,-1255.61,2.06446,(Best of Five)
927.169,alto,-1255.69,0.0476479,(Best of Five)
927.369,moderado,-1255.98,0.200096,(Best of Five)
927.467,baixo,-1256.13,0.0972413,(Best of Five)
927.566,alto,-1256.28,0.0995237,(Best of Five)
928.044,moderado,-1256.99,0.478362,(Best of Five)
928.093,baixo,-1257.07,0.0486368,(Best of Five)
930.161,moderado,-1260.09,2.06823,(Best of Five)
930.209,alto,-1260.17,0.0479461,(Best of Five)
930.307,moderado,-1260.32,0.097497,(Best of Five)
930.649,baixo,-1260.82,0.342241,(Best of Five)
932.089,alto,-1262.93,1.44049,(Best of Five)
933.101,moderado,-1264.41,1.01205,(Best of Five)
933.198,baixo,-1264.56,0.0968642,(Best of Five)
934.545,moderado,-1266.53,1.34706,(Best of Five)
934.643,baixo,-1266.68,0.0972882,(Best of Five)
935.753,moderado,-1268.3,1.1102,(Best of Five)
936.138,alto,-1268.87,0.384628,(Best of Five)
936.285,moderado,-1269.09,0.147929,(Best of Five)
936.434,baixo,-1269.31,0.148164,(Best of Five)
937.345,alto,-1270.65,0.911646,(Best of Five)
937.681,moderado,-1271.15,0.335494,(Best of Five)
937.729,baixo,-1271.23,0.0482158,(Best of Five)
939.457,alto,-1273.76,1.72848,(Best of Five)
939.797,moderado,-1274.26,0.339054,(Best of Five)
939.845,baixo,-1274.34,0.0482326,(Best of Five)
940.569,alto,-1275.4,0.72457,(Best of Five)
941.145,moderado,-1276.25,0.576071,(Best of Five)
941.389,alto,-1276.61,0.243993,(Best of Five)
942.209,moderado,-1277.81,0.819471,(Best of Five)
942.401,baixo,-1278.1,0.192187,(Best of Five)
944.225,moderado,-1280.77,1.82426,(Best of Five)
944.322,baixo,-1280.92,0.0967829,(Best of Five)
944.993,alto,-1281.91,0.671083,(Best of Five)
945.481,moderado,-1282.62,0.488218,(Best of Five)
945.529,baixo,-1282.7,0.0479494,(Best of Five)
950.333,alto,-1289.71,4.80404,(Best of Five)
950.914,moderado,-1290.56,0.580127,(Best of Five)
951.106,baixo,-1290.85,0.192175,(Best of Five)
954.325,alto,-1295.55,3.21906,(Best of Five)
954.757,moderado,-1296.19,0.432622,(Best of Five)
954.805,baixo,-1296.27,0.0476342,(Best of Five)
955.621,alto,-1297.47,0.816409,(Best of Five)
955.961,moderado,-1297.97,0.3394,(Best of Five)
956.009,baixo,-1298.05,0.0482836,(Best of Five)
957.069,moderado,-1299.6,1.06032,(Best of Five)
957.167,baixo,-1299.75,0.0971561,(Best of Five)
961.313,alto,-1305.78,4.14685,(Best of Five)
962.417,moderado,-1307.4,1.10368,(Best of Five)
962.514,baixo,-1307.55,0.0970035,(Best of Five)
964.39,moderado,-1310.29,1.87555,(Best of Five)
964.487,alto,-1310.44,0.0969732,(Best of Five)
964.925,moderado,-1311.08,0.438239,(Best of Five)
964.973,alto,-1311.16,0.0483471,(Best of Five)
965.262,moderado,-1311.59,0.288415,(Best of Five)
965.359,baixo,-1311.74,0.0969447,(Best of Five)
965.653,moderado,-1312.17,0.294828,(Best of Five)
965.701,baixo,-1312.25,0.0473668,(Best of Five)
966.237,moderado,-1313.03,0.536703,(Best of Five)
966.381,baixo,-1313.25,0.143874,(Best of Five)
969.072,moderado,-1317.18,2.69094,(Best of Five)
969.121,baixo,-1317.26,0.0492004,(Best of Five)
969.509,alto,-1317.83,0.387936,(Best of Five)
970.089,moderado,-1318.68,0.579956,(Best of Five)
970.138,baixo,-1318.76,0.0482303,(Best of Five)
973.073,moderado,-1323.04,2.93579,(Best of Five)
973.121,baixo,-1323.12,0.0476398,(Best of Five)
975.717,moderado,-1326.91,2.59634,(Best of Five)
975.865,baixo,-1327.13,0.147974,(Best of Five)
978.505,alto,-1330.99,2.64012,(Best of Five)
978.697,moderado,-1331.28,0.191938,(Best of Five)
978.745,baixo,-1331.36,0.047729,(Best of Five)
979.037,moderado,-1331.79,0.292336,(Best of Five)
979.086,baixo,-1331.87,0.0480594,(Best of Five)
979.857,moderado,-1333,0.771548,(Best of Five)
979.954,alto,-1333.15,0.0968084,(Best of Five)
980.097,moderado,-1333.37,0.143488,(Best of Five)
980.581,alto,-1334.08,0.484086,(Best of Five)
980.777,moderado,-1334.37,0.19599,(Best of Five)
981.07,alto,-1334.8,0.292094,(Best of Five)
981.167,moderado,-1334.95,0.0971045,(Best of Five)
981.218,alto,-1335.03,0.0509909,(Best of Five)
981.513,moderado,-1335.46,0.295742,(Best of Five)
981.561,alto,-1335.54,0.0479157,(Best of Five)
981.659,moderado,-1335.69,0.097536,(Best of Five)
981.857,baixo,-1335.98,0.198615,(Best of Five)
982.873,alto,-1337.46,1.01596,(Best of Five)
983.069,moderado,-1337.75,0.196009,(Best of Five)
983.117,alto,-1337.83,0.04799,(Best of Five)
983.937,moderado,-1339.03,0.819909,(Best of Five)
984.034,alto,-1339.18,0.0969913,(Best of Five)
984.081,moderado,-1339.26,0.0470733,(Best of Five)
984.273,baixo,-1339.55,0.1921,(Best of Five)
986.582,alto,-1342.92,2.30817,(Best of Five)
987.929,moderado,-1344.89,1.3478,(Best of Five)
988.077,baixo,-1345.11,0.147545,(Best of Five)
988.509,alto,-1345.75,0.431926,(Best of Five)
991.101,moderado,-1349.54,2.59246,(Best of Five)
991.199,baixo,-1349.69,0.0974247,(Best of Five)
991.686,alto,-1350.4,0.486739,(Best of Five)
991.733,moderado,-1350.48,0.0473259,(Best of Five)
991.877,baixo,-1350.7,0.144379,(Best of Five)
992.601,moderado,-1351.76,0.723791,(Best of Five)
992.65,baixo,-1351.84,0.0484833,(Best of Five)
993.225,moderado,-1352.69,0.575447,(Best of Five)
993.373,baixo,-1352.91,0.148242,(Best of Five)
994.861,alto,-1355.09,1.48825,(Best of Five)
995.105,moderado,-1355.45,0.243209,(Best of Five)
995.153,baixo,-1355.53,0.0480678,(Best of Five)
996.069,moderado,-1356.87,0.916171,(Best of Five)
996.117,alto,-1356.95,0.0483884,(Best of Five)
996.505,moderado,-1357.52,0.38816,(Best of Five)
996.653,baixo,-1357.74,0.147424,(Best of Five)
999.009,alto,-1361.18,2.35652,(Best of Five)
999.737,moderado,-1362.24,0.7281,(Best of Five)
999.833,alto,-1362.39,0.0959772,(Best of Five)
1000.22,baixo,-1362.96,0.383668,(Best of Five)
1001.18,moderado,-1364.37,0.964309,(Best of Five)
1001.28,baixo,-1364.52,0.0966317,(Best of Five)
1002.04,alto,-1365.65,0.766772,(Best of Five)
1002.24,moderado,-1365.94,0.192221,(Best of Five)
1002.29,baixo,-1366.02,0.0480433,(Best of Five)
1006.27,moderado,-1371.84,3.98838,(Best of Five)
1006.37,baixo,-1371.99,0.0967779,(Best of Five)
1009.54,moderado,-1376.62,3.17082,(Best of Five)
1009.59,alto,-1376.7,0.0477422,(Best of Five)
1010.65,moderado,-1378.25,1.06446,(Best of Five)
1010.85,baixo,-1378.54,0.196072,(Best of Five)
1013.16,alto,-1381.91,2.3081,(Best of Five)
1013.25,moderado,-1382.06,0.0970818,(Best of Five)
1013.69,baixo,-1382.7,0.438334,(Best of Five)
1014.42,alto,-1383.76,0.724179,(Best of Five)
1014.57,moderado,-1383.98,0.148073,(Best of Five)
1014.61,baixo,-1384.06,0.0479992,(Best of Five)
1015.1,alto,-1384.77,0.484236,(Best of Five)
1015.14,moderado,-1384.85,0.0473681,(Best of Five)
1015.19,baixo,-1384.93,0.0496342,(Best of Five)
1022.44,moderado,-1395.51,7.25022,(Best of Five)
1022.49,baixo,-1395.59,0.0483354,(Best of Five)
1022.93,alto,-1396.23,0.436215,(Best of Five)
1023.75,moderado,-1397.43,0.820256,(Best of Five)
1023.9,alto,-1397.65,0.148105,(Best of Five)
1024.04,moderado,-1397.87,0.143975,(Best of Five)
1024.14,baixo,-1398.02,0.0972475,(Best of Five)
1024.48,moderado,-1398.52,0.3381,(Best of Five)
1024.53,baixo,-1398.6,0.048574,(Best of Five)
1028.18,moderado,-1403.93,3.65201,(Best of Five)
1028.37,baixo,-1404.22,0.196006,(Best of Five)
1030.11,alto,-1406.75,1.73177,(Best of Five)
1030.4,moderado,-1407.18,0.292121,(Best of Five)
1030.44,baixo,-1407.26,0.0475918,(Best of Five)
1031.65,moderado,-1409.02,1.20866,(Best of Five)
1031.75,baixo,-1409.17,0.0972784,(Best of Five)
1032,moderado,-1409.53,0.246195,(Best of Five)
1032.14,alto,-1409.75,0.14773,(Best of Five)
1032.53,moderado,-1410.32,0.384618,(Best of Five)
1032.58,baixo,-1410.4,0.047592,(Best of Five)
1036.33,alto,-1415.87,3.74821,(Best of Five)
1037.53,moderado,-1417.63,1.20015,(Best of Five)
1037.57,baixo,-1417.71,0.0480238,(Best of Five)
1037.82,alto,-1418.07,0.244072,(Best of Five)
1038.01,moderado,-1418.36,0.19166,(Best of Five)
1038.06,baixo,-1418.44,0.0481663,(Best of Five)
1039.41,moderado,-1420.41,1.34817,(Best of Five)
1039.45,alto,-1420.49,0.0478292,(Best of Five)
1039.69,moderado,-1420.85,0.240139,(Best of Five)
1039.79,baixo,-1421,0.0970332,(Best of Five)
1040.13,alto,-1421.5,0.339116,(Best of Five)
1041.14,moderado,-1422.98,1.0118,(Best of Five)
1041.34,baixo,-1423.27,0.19607,(Best of Five)
1042.39,alto,-1424.82,1.0554,(Best of Five)
1042.54,moderado,-1425.04,0.148582,(Best of Five)
1042.69,baixo,-1425.26,0.147957,(Best of Five)
1046.01,alto,-1430.1,3.31605,(Best of Five)
1046.05,moderado,-1430.18,0.0477836,(Best of Five)
1046.15,baixo,-1430.33,0.0973749,(Best of Five)
1049.71,alto,-1435.52,3.55485,(Best of Five)
1050,moderado,-1435.95,0.292048,(Best of Five)
1050.05,alto,-1436.03,0.0475887,(Best of Five)
1050.77,moderado,-1437.09,0.728334,(Best of Five)
1050.92,baixo,-1437.31,0.147934,(Best of Five)
1053.27,moderado,-1440.75,2.35221,(Best of Five)
1053.32,baixo,-1440.83,0.0477305,(Best of Five)
1057.55,alto,-1447,4.23231,(Best of Five)
1057.65,moderado,-1447.15,0.0964973,(Best of Five)
1058.03,baixo,-1447.72,0.38334,(Best of Five)
1061.49,moderado,-1452.77,3.45979,(Best of Five)
1061.54,baixo,-1452.85,0.0478096,(Best of Five)
1062.75,moderado,-1454.61,1.20459,(Best of Five)
1062.84,baixo,-1454.76,0.0962893,(Best of Five)
1064,moderado,-1456.45,1.1553,(Best of Five)
1064.39,baixo,-1457.02,0.387965,(Best of Five)
1066.84,alto,-1460.6,2.45225,(Best of Five)
1067.37,moderado,-1461.38,0.531724,(Best of Five)
1067.42,baixo,-1461.46,0.0480634,(Best of Five)
1067.75,alto,-1461.96,0.335676,(Best of Five)
1068.91,moderado,-1463.65,1.15598,(Best of Five)
1068.96,baixo,-1463.73,0.0483127,(Best of Five)
1071.26,moderado,-1467.1,2.30782,(Best of Five)
1071.41,baixo,-1467.32,0.143312,(Best of Five)
1071.55,alto,-1467.54,0.145112,(Best of Five)
1071.85,moderado,-1467.97,0.292059,(Best of Five)
1071.89,baixo,-1468.05,0.047419,(Best of Five)
1078.18,moderado,-1477.23,6.28857,(Best of Five)
1078.28,baixo,-1477.38,0.096668,(Best of Five)
1078.47,alto,-1477.67,0.195462,(Best of Five)
1078.67,moderado,-1477.96,0.195725,(Best of Five)
1078.72,baixo,-1478.04,0.0481659,(Best of Five)
1079.4,alto,-1479.03,0.679689,(Best of Five)
1079.93,moderado,-1479.81,0.532253,(Best of Five)
1079.98,baixo,-1479.89,0.0477131,(Best of Five)
1081.42,alto,-1482,1.44398,(Best of Five)
1081.47,moderado,-1482.08,0.0476642,(Best of Five)
1081.52,baixo,-1482.16,0.0495264,(Best of Five)
1082.29,alto,-1483.29,0.770874,(Best of Five)
1082.72,moderado,-1483.93,0.435482,(Best of Five)
1082.82,baixo,-1484.08,0.0978354,(Best of Five)
1083.07,alto,-1484.44,0.24671,(Best of Five)
1083.31,moderado,-1484.8,0.240339,(Best of Five)
1083.36,baixo,-1484.88,0.0474322,(Best of Five)
1086.44,moderado,-1489.37,3.07981,(Best of Five)
1086.53,baixo,-1489.52,0.0972936,(Best of Five)
1088.98,moderado,-1493.1,2.44742,(Best of Five)
1089.03,alto,-1493.18,0.0470706,(Best of Five)
1089.33,moderado,-1493.61,0.296844,(Best of Five)
1089.52,baixo,-1493.9,0.19133,(Best of Five)
1089.56,alto,-1493.98,0.0481104,(Best of Five)
1090.73,moderado,-1495.67,1.16065,(Best of Five)
1090.82,alto,-1495.82,0.0955827,(Best of Five)
1091.59,moderado,-1496.95,0.76846,(Best of Five)
1091.79,baixo,-1497.24,0.196033,(Best of Five)
1092.27,alto,-1497.95,0.479958,(Best of Five)
1093.18,moderado,-1499.29,0.911793,(Best of Five)
1093.22,baixo,-1499.37,0.047626,(Best of Five)
1094.38,alto,-1501.06,1.15241,(Best of Five)
1094.47,moderado,-1501.21,0.0973593,(Best of Five)
1094.63,baixo,-1501.43,0.150695,(Best of Five)
1095.64,alto,-1502.91,1.01203,(Best of Five)
1096.07,moderado,-1503.55,0.435634,(Best of Five)
1096.12,baixo,-1503.63,0.0478943,(Best of Five)
1096.36,moderado,-1503.99,0.239523,(Best of Five)
1096.51,baixo,-1504.21,0.145098,(Best of Five)
1097.09,moderado,-1505.06,0.579957,(Best of Five)
1097.13,baixo,-1505.14,0.0476702,(Best of Five)
1098.64,moderado,-1507.32,1.50418,(Best of Five)
1098.89,alto,-1507.68,0.247773,(Best of Five)
1098.93,moderado,-1507.76,0.047923,(Best of Five)
1098.98,baixo,-1507.84,0.0490655,(Best of Five)
1099.13,alto,-1508.06,0.150711,(Best of Five)
1099.23,moderado,-1508.21,0.0969314,(Best of Five)
1099.28,baixo,-1508.29,0.0475,(Best of Five)
1099.57,moderado,-1508.72,0.292126,(Best of Five)
1099.72,baixo,-1508.94,0.14803,(Best of Five)
